Position, Company, Region, URL
2023년 KB국민카드 ICT부문의 전체 세부 정보, KB국민카드, 서울 종로구, https://kr.indeed.com/rc/clk?jk=e4ef666a8bb97bed&fccid=7d9fa3652fee48c0&vjs=3
디지털 자산 리서치 인턴의 전체 세부 정보, 두나무, 서울 강남구, https://kr.indeed.com/rc/clk?jk=441c717c2b82b684&fccid=6723a9d496e46445&vjs=3
[AI Lab] AI Assistant 자연어이해 모델 연구/개발자 영입의 전체 세부 정보, 카카오엔터프라이즈, 성남 분당구, https://kr.indeed.com/rc/clk?jk=ac3bc0465977b363&fccid=e19aa33fc391b310&vjs=3
데이터분석 신입/경력 정규직의 전체 세부 정보, 블록스퀘어서울, 서울 서초구, https://kr.indeed.com/rc/clk?jk=88960e11c2cdd682&fccid=72348558bd9456ba&vjs=3
파이썬 개발자 초중급 이상의 전체 세부 정보, 데이터앤솔루션, 서울 서초구, https://kr.indeed.com/rc/clk?jk=d158e683dc0b7500&fccid=02f32b94107c54e3&vjs=3
백엔드 개발자(인턴십)의 전체 세부 정보, 액스, 서울 서초구, https://kr.indeed.com/rc/clk?jk=b7223c792bfcbcd4&fccid=5013eca338141e7d&vjs=3
각 부문별의 전체 세부 정보, 두나무, 서울 강남구, https://kr.indeed.com/rc/clk?jk=cc26588019a45caa&fccid=6723a9d496e46445&vjs=3
[데브시스터즈] DevOps Engineer (신입)의 전체 세부 정보, 데브시스터즈, 서울 강남구, https://kr.indeed.com/rc/clk?jk=3058f7280a2e6644&fccid=58a9a803698a0afd&vjs=3
LINE Messaging Server Engineer의 전체 세부 정보, LINE Plus corporation, 대한민국, https://kr.indeed.com/rc/clk?jk=c3f58be0b4504f23&fccid=e90e80bc9ed9a53f&vjs=3
[KREAM] Strategy DA 체험형 인턴의 전체 세부 정보, 크림, 성남 분당구, https://kr.indeed.com/rc/clk?jk=17a487fd0a2bd71e&fccid=146c028635667214&vjs=3
Robotics Engineer [Computer Vision][연구원  책임연구원]의 전체 세부 정보, 현대자동차그룹, 대한민국, https://kr.indeed.com/rc/clk?jk=d18652df74e7a983&fccid=980d6ecc399a3373&vjs=3
기술 인턴 인공지능 응용 연구/개발 인턴의 전체 세부 정보, 써로마인드로보틱스, 서울 관악구, https://kr.indeed.com/rc/clk?jk=71c47ac87bb4087e&fccid=230e414668234579&vjs=3
Machine Learning Researcher (Computer Vision)의 전체 세부 정보, BOEING, 서울, https://kr.indeed.com/rc/clk?jk=01f44c38aeb64f17&fccid=edae4285faf6c2f0&vjs=3
Data Platform Engineer의 전체 세부 정보, LINE Plus corporation, 대한민국, https://kr.indeed.com/rc/clk?jk=14a8e6a6454b03c5&fccid=e90e80bc9ed9a53f&vjs=3
Python Backend Engineer의 전체 세부 정보, 두나무, 서울 강남구, https://kr.indeed.com/rc/clk?jk=20d792ea3f7471fa&fccid=6723a9d496e46445&vjs=3
[무료교육] 23년 방위산업 전문인력 양성사업 교육생의 전체 세부 정보, 금오공과대학교산학협력단, 경상북도, https://kr.indeed.com/rc/clk?jk=41e67870d83c25c0&fccid=1834b826401e8f0c&vjs=3
Data Engineering[책임매니저(G3)]의 전체 세부 정보, 현대자동차그룹, 서울 양재역, https://kr.indeed.com/rc/clk?jk=2227849edfa12196&fccid=980d6ecc399a3373&vjs=3
상시지원 (AI & ML Engineer)의 전체 세부 정보, Riiid Labs, 서울, https://kr.indeed.com/rc/clk?jk=14a95a5daad2295e&fccid=933989f3b0ffe928&vjs=3
Operations Manager의 전체 세부 정보, Uber, 서울, https://kr.indeed.com/rc/clk?jk=f915c9a9f8f8a554&fccid=f766f8bfbc3effb7&vjs=3
[국비무료] AI [인공지능] 교육생의 전체 세부 정보, 청주대학교산학협력단, 청주 청원구, https://kr.indeed.com/rc/clk?jk=26859414610952fb&fccid=58723b6657c785ce&vjs=3
데이터분석 신입/경력 정규직의 전체 세부 정보, 블록스퀘어서울, 서울 서초구, https://kr.indeed.com/rc/clk?jk=88960e11c2cdd682&fccid=72348558bd9456ba&vjs=3
Machine Learning Engineer Intern - Korea의 전체 세부 정보, MOLOCO, 서울, https://kr.indeed.com/rc/clk?jk=69d3cc2cca262747&fccid=6588d205440cdcb9&vjs=3
기술 인턴 인공지능 응용 연구/개발 인턴의 전체 세부 정보, 써로마인드로보틱스, 서울 관악구, https://kr.indeed.com/rc/clk?jk=71c47ac87bb4087e&fccid=230e414668234579&vjs=3
Data Platform Engineer의 전체 세부 정보, LINE Plus corporation, 대한민국, https://kr.indeed.com/rc/clk?jk=14a8e6a6454b03c5&fccid=e90e80bc9ed9a53f&vjs=3
[TaaS] Data Scientist[연구원  책임연구원]의 전체 세부 정보, 현대자동차그룹, 서울 강남구, https://kr.indeed.com/rc/clk?jk=67b03ffab1c536ba&fccid=980d6ecc399a3373&vjs=3
[마블러스] 백엔드 개발자 주니어/시니어의 전체 세부 정보, 마블러스, 대한민국, https://kr.indeed.com/rc/clk?jk=0dad27533fee10c3&fccid=471224a0399e2888&vjs=3
[경력] Database 관리 경력사원 모집의 전체 세부 정보, 교보문고, 대한민국, https://kr.indeed.com/rc/clk?jk=50f7868b3de82533&fccid=5ee9681e0c7c297b&vjs=3
Data Scientist의 전체 세부 정보, Toss, 서울, https://kr.indeed.com/rc/clk?jk=9cb8324539546a71&fccid=18c4935c8ec646d5&vjs=3
딥러닝 통한 인공지능 솔루션 개발자의 전체 세부 정보, 엘세븐시큐리티, 서울 송파구, https://kr.indeed.com/rc/clk?jk=554e814302b8a380&fccid=72880ee98034ba13&vjs=3
Data/Machine Learning Engineer (신입)의 전체 세부 정보, 플리토, 서울 강남구, https://kr.indeed.com/rc/clk?jk=5ab0b45dfa93411b&fccid=01aed038bcce2a5f&vjs=3
[ULVAC] 한국알박(주) 2023년 R&D부문 신입/경력의 전체 세부 정보, 한국알박, 성남 분당구, https://kr.indeed.com/rc/clk?jk=365063dd570a919d&fccid=5d7161d1619ea4e8&vjs=3
웹개발  백엔드 외 신입/경력 정규직의 전체 세부 정보, 코인챗, 서울 강남구, https://kr.indeed.com/rc/clk?jk=e3f3b7e2103d9bc7&fccid=e60f835b4d91f8e6&vjs=3
Deep Learning Engineer의 전체 세부 정보, 뷰런테크놀로지, 서울 서초구, https://kr.indeed.com/rc/clk?jk=a29c229f6b2fc651&fccid=98608656606c0861&vjs=3
데이터 엔지니어(Data Engineer) 인턴의 전체 세부 정보, 와이즐리, 서울 강남구, https://kr.indeed.com/rc/clk?jk=9a3b257f905ec215&fccid=38e705c4dc4de31c&vjs=3
[위메프서비스] 빅데이터 처리 및 분석 개발자의 전체 세부 정보, 위메프, 대한민국, https://kr.indeed.com/rc/clk?jk=4e3b4e13098d5aa1&fccid=2f8799a5ef214646&vjs=3
전문연구요원 (병역특례) 수시 (AI / SW 분야)의 전체 세부 정보, 딥엑스, 성남 분당구, https://kr.indeed.com/rc/clk?jk=d83fc0dd2641f483&fccid=e34932b8232a173b&vjs=3
자율 주행  로봇 SW 개발자의 전체 세부 정보, 에바, 성남 수정구, https://kr.indeed.com/rc/clk?jk=e30fe92d72ceb17c&fccid=5cc87f5890bd7170&vjs=3
Machine Learning R&D 연구원의 전체 세부 정보, 카이어, 서울 서초구, https://kr.indeed.com/rc/clk?jk=19da3484bd7a72f1&fccid=908ef26c4dd7595f&vjs=3
SSG랜더스 2023년 마케팅팀 신규의 전체 세부 정보, 신세계야구단, 인천, https://kr.indeed.com/rc/clk?jk=a31927b61381ec99&fccid=6d6b9bb9c03080ed&vjs=3
[SAPEON Korea] Frontend Compiler Engineer의 전체 세부 정보, 사피온코리아, 성남 분당구, https://kr.indeed.com/rc/clk?jk=25efb0f8ef36cbda&fccid=3e45ffdcf8435b2d&vjs=3
[경력] Database 관리 경력사원 모집의 전체 세부 정보, 교보문고, 대한민국, https://kr.indeed.com/rc/clk?jk=50f7868b3de82533&fccid=5ee9681e0c7c297b&vjs=3
데이터분석  데이터사이언스 신입/경력의 전체 세부 정보, 비트리스, 서울 서초구, https://kr.indeed.com/rc/clk?jk=fd6490c902a88c72&fccid=cfc061b6e31a1ab4&vjs=3
Battery DT혁신 경력의 전체 세부 정보, 에스케이온, 서울 종로구, https://kr.indeed.com/rc/clk?jk=3be7ae7d903b8f1e&fccid=5abd05357e37be67&vjs=3
Machine Learning Engineer Intern - Korea의 전체 세부 정보, MOLOCO, 서울, https://kr.indeed.com/rc/clk?jk=69d3cc2cca262747&fccid=6588d205440cdcb9&vjs=3
클라우드 보안 엔지니���의 전체 세부 정보, 한국카카오은행, 성남 분당구, https://kr.indeed.com/rc/clk?jk=958ade57ee98b45a&fccid=aea6a13a3459fdb2&vjs=3
Quantitative Researcher의 전체 세부 정보, WorldQuant, 서울, https://kr.indeed.com/rc/clk?jk=e7e8586d716fcf24&fccid=08487f979320ebae&vjs=3
개발자 - Python 서버 프로그램 개발의 전체 세부 정보, 바인테크, 서울 송파구, https://kr.indeed.com/rc/clk?jk=4cc15c26097421c5&fccid=aef44811e748bebe&vjs=3
전문연구요원 (병역특례) 수시 (AI / SW 분야)의 전체 세부 정보, 딥엑스, 성남 분당구, https://kr.indeed.com/rc/clk?jk=d83fc0dd2641f483&fccid=e34932b8232a173b&vjs=3
Engineering Internship in Sweden!의 전체 세부 정보, Iknal Semikan, 서울, https://kr.indeed.com/rc/clk?jk=4523b460e6bc132f&fccid=1c1f99bc5683e9f2&vjs=3
위시켓과 함께할 서버개발자님의 전체 세부 정보, 위시켓, 서울 강남구, https://kr.indeed.com/rc/clk?jk=a3a65a4d59061430&fccid=533c91503ff32d48&vjs=3
[KREAM] Strategy DA 체험형 인턴의 전체 세부 정보, 크림, 성남 분당구, https://kr.indeed.com/rc/clk?jk=17a487fd0a2bd71e&fccid=146c028635667214&vjs=3
[위메프서비스] DBA의 전체 세부 정보, 위메프, 대한민국, https://kr.indeed.com/rc/clk?jk=1d45aac0ddac58a1&fccid=2f8799a5ef214646&vjs=3
Database 관리 신입사원 모집의 전체 세부 정보, 교보문고, 대한민국, https://kr.indeed.com/rc/clk?jk=f5679f65fed63971&fccid=5ee9681e0c7c297b&vjs=3
AI 백엔드 개발부문 인재의 전체 세부 정보, 신세계아이앤씨, 서울 중구, https://kr.indeed.com/rc/clk?jk=b047d88258576e1c&fccid=7009e9adee12ff99&vjs=3
python  django 웹 개발자 인재의 전체 세부 정보, 인생식당, 천안 동남구, https://kr.indeed.com/rc/clk?jk=ba87e10abaa3b931&fccid=a9f3a2bebd34c3c4&vjs=3
인공지능/블록체인 교육생의 전체 세부 정보, 재단법인 한국에이아이블록체인융합원, 경상남도, https://kr.indeed.com/rc/clk?jk=5ad410d0d4c23f05&fccid=f05769bef089cf29&vjs=3
[SAPEON Korea] Frontend Compiler Engineer의 전체 세부 정보, 사피온코리아, 성남 분당구, https://kr.indeed.com/rc/clk?jk=25efb0f8ef36cbda&fccid=3e45ffdcf8435b2d&vjs=3
AI 연구 MLOps의 전체 세부 정보, 코그넷나인, 서울 서초구, https://kr.indeed.com/rc/clk?jk=36ae5f764253d121&fccid=015d2bad6d9df969&vjs=3
2023년 상반기 백엔드 개발자의 전체 세부 정보, 반달소프트, 성남 분당구, https://kr.indeed.com/rc/clk?jk=1601f1bfe3302af5&fccid=f35f7fc5e918087a&vjs=3
2023년 메타버스 아카데미 2기 교육생의 전체 세부 정보, 한국전파진흥협회, 성남 분당구, https://kr.indeed.com/rc/clk?jk=39d19b49e76b203d&fccid=4f2ea8d6d8ab34ba&vjs=3
Data & Reporting Analyst의 전체 세부 정보, AIA, 서울, https://kr.indeed.com/rc/clk?jk=f15d2672714490bf&fccid=004041685e219574&vjs=3
Data Scientist in Financial의 전체 세부 정보, 페니로이스, 서울 종로구, https://kr.indeed.com/rc/clk?jk=8384fbc0b8152ec6&fccid=071ef5e261747b4b&vjs=3
Software Engineer-Phantom Works Global의 전체 세부 정보, BOEING, 서울, https://kr.indeed.com/rc/clk?jk=38eeeeb6731e3cda&fccid=edae4285faf6c2f0&vjs=3
[크라우드웍스] 머신러닝(ML) 엔지니어의 전체 세부 정보, 크라우드웍스, 서울 강남구, https://kr.indeed.com/rc/clk?jk=8e165ab93b40c6e9&fccid=a4d8989a0ef28313&vjs=3
MLOps Engineer의 전체 세부 정보, 비바리퍼블리카, 서울 강남구, https://kr.indeed.com/rc/clk?jk=24acbad36d821c25&fccid=17dc934b27d58446&vjs=3
Software Engineer (Virtualization)의 전체 세부 정보, BOEING, 서울, https://kr.indeed.com/rc/clk?jk=1f3b719ddc7dc0a3&fccid=edae4285faf6c2f0&vjs=3
2023년 한화시스템 석/박사 신입 및 경력 채용 (SW분야)의 전체 세부 정보, 한화그룹, 서울, https://kr.indeed.com/rc/clk?jk=540ce8adcf30a84b&fccid=bd0dc1817223394f&vjs=3
차량 전자시스템 SW 아키텍처 개발[연구원  책임연구원]의 전체 세부 정보, 현대자동차그룹, 대한민국, https://kr.indeed.com/rc/clk?jk=8419339d01ea947d&fccid=980d6ecc399a3373&vjs=3
Python 분석 인원 정규직 채용의 전체 세부 정보, (주)스마트모빌러티 관심기업, 서울 휘경동, https://kr.indeed.com/rc/clk?jk=5e761f105a377ae8&fccid=307824036b9dcb17&vjs=3
Software Engineer - Python and K8s의 전체 세부 정보, Canonical - Jobs, 서울, https://kr.indeed.com/rc/clk?jk=9e154b5b00d09b31&fccid=3911cf63fc0692f4&vjs=3
Infra Engineering[책임매니저(G4)]의 전체 세부 정보, 현대자동차그룹, 서울 양재역, https://kr.indeed.com/rc/clk?jk=4fbc9e8cee784eb8&fccid=980d6ecc399a3373&vjs=3
[AI Lab] AI Assistant 자연어이해 모델 연구/개발자 영입의 전체 세부 정보, 카카오엔터프라이즈, 성남 분당구, https://kr.indeed.com/rc/clk?jk=ac3bc0465977b363&fccid=e19aa33fc391b310&vjs=3
[Engineering Div.] Data Analyst (경력 무관)의 전체 세부 정보, 크래프톤, 서울 강남구, https://kr.indeed.com/rc/clk?jk=3ccbc30d82ce5848&fccid=0aeb279b74dee723&vjs=3
유무선 통신통합제어기 (CCU) SW 아키텍처 및 요소기술 개발[연구원  책임연구원]의 전체 세부 정보, 현대자동차그룹, 대한민국, https://kr.indeed.com/rc/clk?jk=50d0ee7338ae4c1d&fccid=980d6ecc399a3373&vjs=3
Software Engineer의 전체 세부 정보, Applied Materials, 대한민국, https://kr.indeed.com/rc/clk?jk=00a5ec6b858dc2b1&fccid=6c6f37e2a6cb4c55&vjs=3
Senior Python Engineer: Long-term job - 100% remote, Proxify AB, Anywhere in the World, https://weworkremotely.com/remote-jobs/proxify-ab-senior-python-engineer-long-term-job-100-remote
Full Stack Software Engineer (React / Python), Trustworthy, Anywhere in the World, https://weworkremotely.com/remote-jobs/trustworthy-full-stack-software-engineer-react-python
Senior Open Source Developer & DevOps (Python  Django  React  AWS/OpenStack), OpenCraft, Anywhere in the World, https://weworkremotely.com/remote-jobs/opencraft-senior-open-source-developer-devops-python-django-react-aws-openstack
Senior Python Engineer (Django), Parallel, USA Only, https://weworkremotely.com/remote-jobs/parallel-senior-python-engineer-django
Senior Backend Engineer (Python), TestGorilla, Anywhere in the World, https://weworkremotely.com/remote-jobs/testgorilla-senior-backend-engineer-python-10
Python Platform Engineer, Doximity, Americas Only, https://weworkremotely.com/remote-jobs/doximity-python-platform-engineer
Software Engineer in Test – Python – Cyprus  Greece or Remote , XM, Anywhere in the World, https://weworkremotely.com/remote-jobs/xm-software-engineer-in-test-python-cyprus-greece-or-remote-2
